{"place-wondl|place-rbmnl":53.4324817518248,"place-pktrm|place-chmnl":153.93675675675686,"place-chmnl|place-knncl":154.40379746835455,"place-knncl|place-cntsq":167.8444244604318,"place-cntsq|place-harsq":231.26917562724032,"place-harsq|place-portr":205.3083333333334,"place-portr|place-davis":137.97210144927547,"place-alfcl|place-davis":127.33831775700938,"place-davis|place-portr":131.71568265682671,"place-davis|place-alfcl":224.93285457809714,"place-brdwy|place-sstat":172.18321167883207,"place-sstat|place-dwnxg":101.46539162112927,"place-dwnxg|place-pktrm":102.70488245931293,"place-cntsq|place-knncl":156.4185792349728,"place-knncl|place-chmnl":166.13557168784033,"place-chmnl|place-pktrm":144.149816849817,"place-pktrm|place-dwnxg":137.3801444043322,"place-dwnxg|place-sstat":93.95054945054946,"place-sstat|place-brdwy":152.5757246376812,"place-brdwy|place-andrw":134.38448905109493,"place-nqncy|place-wlsta":138.31210937500003,"place-wlsta|place-qnctr":180.90154440154438,"place-qnctr|place-qamnl":193.41009708737866,"place-qamnl|place-brntn":276.2742857142858,"place-andrw|place-jfk":161.02854545454557,"place-jfk|place-shmnl":152.61996233521654,"place-shmnl|place-fldcr":227.85112781954888,"place-fldcr|place-smmnl":131.25733590733591,"place-smmnl|place-asmnl":174.00964083175802,"place-qnctr|place-wlsta":184.47271028037386,"place-wlsta|place-nqncy":144.73798882681567,"place-nqncy|place-jfk":498.3923076923076,"place-portr|place-harsq":176.42191528545126,"place-harsq|place-cntsq":228.71501831501854,"place-jfk|place-nqncy":449.38018518518504,"place-shmnl|place-jfk":150.7660412757974,"place-jfk|place-andrw":227.0727767695101,"place-andrw|place-brdwy":148.5211191335741,"place-asmnl|place-smmnl":97.80056390977445,"place-masta|place-rugg":93.00848708487085,"place-rugg|place-rcmnl":106.15360443622922,"place-rcmnl|place-jaksn":100.04375,"place-jaksn|place-sbmnl":112.35722222222228,"place-sbmnl|place-grnst":96.82402957486134,"place-grnst|place-forhl":157.25518518518533,"place-ogmnl|place-mlmnl":120.66639839034208,"place-forhl|place-grnst":113.3964552238806,"place-grnst|place-sbmnl":99.79628942486086,"place-sbmnl|place-jaksn":109.98376383763839,"place-jaksn|place-rcmnl":99.10073260073261,"place-rcmnl|place-rugg":92.79060773480667,"place-rugg|place-masta":101.999815498155,"place-masta|place-bbsta":137.77111111111117,"place-bbsta|place-tumnl":137.08736263736267,"place-tumnl|place-chncl":87.40442804428044,"place-welln|place-mlmnl":236.90907372400764,"place-mlmnl|place-ogmnl":168.66313799621932,"place-chncl|place-dwnxg":82.09055555555557,"place-dwnxg|place-state":145.86491862567811,"place-state|place-haecl":79.38333333333333,"place-haecl|place-north":82.6381918819188,"place-north|place-ccmnl":148.35808823529416,"place-ccmnl|place-sull":136.2212569316082,"place-sull|place-welln":237.4727954971859,"place-north|place-haecl":88.1951762523191,"place-haecl|place-state":91.07790262172284,"place-state|place-dwnxg":81.86666666666665,"place-dwnxg|place-chncl":126.13333333333337,"place-chncl|place-tumnl":72.5632841328413,"place-tumnl|place-bbsta":129.699446494465,"place-bbsta|place-masta":148.12523020257834,"place-mlmnl|place-welln":226.0353281853282,"place-welln|place-sull":256.910984848485,"place-sull|place-ccmnl":141.20998116760833,"place-ccmnl|place-north":154.9137735849057,"place-gover|place-state":66.26268115942027,"place-state|place-aqucl":85.10307971014491,"place-aqucl|place-mvbcl":154.55605786618452,"place-mvbcl|place-aport":146.19001814882043,"place-aport|place-wimnl":105.99279279279284,"place-rbmnl|place-bmmnl":134.5293795620439,"place-bmmnl|place-sdmnl":96.87145488029465,"place-sdmnl|place-orhte":101.01549815498156,"place-orhte|place-wimnl":151.31751824817528,"place-wimnl|place-aport":98.80773480662982,"place-aport|place-mvbcl":148.93820840950644,"place-mvbcl|place-aqucl":142.90746812386166,"place-bmmnl|place-rbmnl":123.60846846846852,"place-rbmnl|place-wondl":108.10630630630634,"place-wimnl|place-orhte":165.06696588868948,"place-orhte|place-sdmnl":101.48483754512637,"place-brntn|place-qamnl":258.53690248565965,"place-qamnl|place-qnctr":201.551872659176,"place-smmnl|place-fldcr":120.73502824858758,"place-fldcr|place-shmnl":229.11092592592593,"place-sdmnl|place-bmmnl":92.48321299638987,"place-aqucl|place-state":79.94570383912246,"place-state|place-gover":84.86172161172159,"place-portr|place-chmnl":640,"place-pktrm|place-knncl":1878,"place-cntsq|place-dwnxg":179,"place-dwnxg|place-harsq":18,"place-harsq|place-sstat":104,"place-gover|place-bomnl":96.35924528301878,"place-bomnl|place-gover":35.02260536398468,"place-alfcl|place-portr":39,"place-bmmnl|place-orhte":211,"place-aqucl|place-aport":345.6666666666667,"place-mvbcl|place-wimnl":67.25,"place-bomnl|place-state":99.22,"place-sull|place-ogmnl":93.28571428571429,"place-ogmnl|place-ccmnl":221.85714285714286,"place-bmmnl|place-wondl":52,"place-wondl|place-sdmnl":41,"place-ogmnl|place-welln":144.83823529411765,"place-welln|place-ogmnl":102.84666666666666,"place-ogmnl|place-sull":219.05555555555554,"place-brntn|place-qnctr":645.5714285714286,"place-forhl|place-bbsta":647.5,"place-masta|place-forhl":87,"place-bbsta|place-grnst":18,"place-forhl|place-sbmnl":114.22222222222223,"place-orhte|place-aport":62.666666666666664,"place-bomnl|place-mvbcl":141,"place-mlmnl|place-haecl":77,"place-dwnxg|place-ogmnl":44.4,"place-ogmnl|place-chncl":57.3,"place-rcmnl|place-forhl":271.6666666666667,"place-sbmnl|place-forhl":123.25,"place-jaksn|place-rugg":95,"place-brdwy|place-asmnl":84.16666666666667,"place-asmnl|place-sstat":198.125,"place-welln|place-haecl":260,"place-haecl|place-tumnl":15,"place-state|place-sull":57,"place-sull|place-dwnxg":11,"place-state|place-bomnl":4,"place-bomnl|place-aqucl":112.5,"place-aqucl|place-bomnl":24,"place-wondl|place-bmmnl":82.4,"place-fldcr|place-asmnl":200,"place-asmnl|place-shmnl":18,"place-asmnl|place-fldcr":92.25,"place-bbsta|place-chncl":117.6,"place-tumnl|place-dwnxg":83.5,"place-dwnxg|place-grnst":1466,"place-portr|place-alfcl":216,"place-aport|place-orhte":7,"place-orhte|place-mvbcl":140,"place-chncl|place-ogmnl":22,"place-ogmnl|place-tumnl":55.5,"place-forhl|place-jaksn":63,"place-qnctr|place-brntn":29.5,"place-brntn|place-wlsta":163.5,"place-brdwy|place-brntn":25,"place-brntn|place-sstat":154,"place-wlsta|place-brntn":152,"place-brntn|place-nqncy":65,"place-wondl|place-wimnl":458,"place-wimnl|place-sdmnl":277,"place-orhte|place-bmmnl":23,"place-bmmnl|place-wimnl":155,"place-davis|place-asmnl":160,"place-asmnl|place-alfcl":138,"place-forhl|place-rcmnl":77,"place-tumnl|place-ogmnl":46,"place-ogmnl|place-bbsta":69.5,"place-welln|place-north":97.93333333333334,"place-haecl|place-mlmnl":35.2,"place-mlmnl|place-state":48.666666666666664,"place-north|place-mlmnl":76.5,"place-state|place-ogmnl":58,"place-ogmnl|place-dwnxg":28,"place-asmnl|place-andrw":110,"place-welln|place-ccmnl":194,"place-sull|place-north":124,"place-masta|place-mlmnl":336,"place-north|place-welln":38,"place-dwnxg|place-sull":37.5,"place-sull|place-chncl":43,"place-chncl|place-mlmnl":2781,"place-ogmnl|place-state":53,"place-sdmnl|place-wondl":37,"place-wondl|place-orhte":66,"place-jaksn|place-forhl":166,"place-welln|place-state":118,"place-state|place-bbsta":114,"place-mlmnl|place-sull":126,"place-brntn|place-jfk":422.3333333333333,"place-jfk|place-asmnl":58,"place-nqncy|place-brntn":41.5,"place-jaksn|place-ogmnl":64,"place-ogmnl|place-sbmnl":59,"place-masta|place-ogmnl":57,"place-ogmnl|place-rugg":43,"place-rugg|place-forhl":26,"place-forhl|place-masta":66.5,"place-ccmnl|place-ogmnl":88,"place-ogmnl|place-north":68.33333333333333,"place-cntsq|place-brntn":35,"place-brntn|place-harsq":177,"place-forhl|place-rugg":33.5,"place-pktrm|place-brdwy":32,"place-knncl|place-brntn":17,"place-brntn|place-cntsq":122,"place-haecl|place-forhl":31,"place-harsq|place-alfcl":515,"place-forhl|place-north":44,"place-state|place-forhl":61,"place-forhl|place-haecl":17,"place-rugg|place-ogmnl":49,"place-ogmnl|place-rcmnl":61,"place-andrw|place-brntn":111,